{
    "psp_capabilities_roles": {
        "administrator": [
			"backlink_builder",
			"capabilities",
			"dashboard",
			"facebook_planner",
			"file_edit",
			"frontend",
			"Google_Analytics",
			"google_pagespeed",
			"Link_Builder",
			"Link_Redirect",
			"local_seo",
			"misc",
			"modules_manager",
			"monitor_404",
			"on_page_optimization",
			"remote_support",
			"rich_snippets",
			"seo_friendly_images",
			"serp",
			"server_status",
			"setup_backup",
			"sitemap",
			"smushit",
			"Social_Stats",
			"title_meta_format",
			"W3C_HTMLValidator"
        ]
    },
    "psp_facebook_planner": {
        "inputs_available": [
            "message",
            "caption",
            "image"
        ],
        "default_privacy_option": "EVERYONE",
        "language": "en_US"
    },
    "psp_Link_Builder": {
        "case_sensitive": "no",
        "is_comment": "no"
    },
    "psp_local_seo": {
        "slug": "psplocation",
        "address_format": "{street} {city}, {state} {zipcode} {country}"
    },
    "psp_misc": {
        "slug_isactive": "yes",
        "slug_stop_words": "a, about, above, across, after, afterwards, again, against, all, almost, alone, along, already, also, although, always, am, among, amongst, amoungst, amount, an, and, another, any, anyhow, anyone, anything, anyway, anywhere, are, around, as, at, back, be, became, because, become, becomes, becoming, been, before, beforehand, behind, being, below, beside, besides, between, beyond, bill, both, bottom, but, by, call, can, cannot, cant, co, computer, con, could, couldnt, cry, de, describe, detail, do, done, down, due, during, each, eg, eight, either, eleven, else, elsewhere, empty, enough, etc, even, ever, every, everyone, everything, everywhere, except, few, fifteen, fify, fill, find, fire, first, five, for, former, formerly, forty, found, four, from, front, full, further, get, give, go, had, has, hasnt, have, he, hence, her, here, hereafter, hereby, herein, hereupon, hers, herself, him, himself, his, how, however, hundred, i, ie, if, in, inc, indeed, interest, into, is, it, its, itself, keep, last, latter, latterly, least, less, ltd, made, many, may, me, meanwhile, might, mill, mine, more, moreover, most, mostly, move, much, must, my, myself, name, namely, neither, never, nevertheless, next, nine, no, nobody, none, noone, nor, not, nothing, now, nowhere, of, off, often, on, once, one, only, onto, or, other, others, otherwise, our, ours, ourselves, out, over, own, part, per, perhaps, please, put, rather, re, same, see, seem, seemed, seeming, seems, serious, several, she, should, show, side, since, sincere, six, sixty, so, some, somehow, someone, something, sometime, sometimes, somewhere, still, such, system, take, ten, than, that, the, their, them, themselves, then, thence, there, thereafter, thereby, therefore, therein, thereupon, these, they, thick, thin, third, this, those, though, three, through, throughout, thru, thus, to, together, too, top, toward, towards, twelve, twenty, two, un, under, until, up, upon, us, very, via, was, we, well, were, what, whatever, when, whence, whenever, where, whereafter, whereas, whereby, wherein, whereupon, wherever, whether, which, while, whither, who, whoever, whole, whom, whose, why, will, with, within, without, would, yet, you, your, yours, yourself, yourselves, ",
        "slug_min_chars": "3",
        "insert_code_isactive": "yes",
        "insert_code_head": "",
        "insert_code_footer": ""
    },
    "psp_module_backlink_builder": true,
    "psp_module_capabilities": true,
    "psp_module_facebook_planner": true,
    "psp_module_file_edit": true,
    "psp_module_Google_Analytics": true,
    "psp_module_google_pagespeed": true,
    "psp_module_Link_Builder": true,
    "psp_module_Link_Redirect": true,
    "psp_module_local_seo": true,
    "psp_module_misc": true,
    "psp_module_monitor_404": true,
    "psp_module_on_page_optimization": true,
    "psp_module_rich_snippets": true,
    "psp_module_seo_friendly_images": true,
    "psp_module_serp": true,
    "psp_module_sitemap": true,
    "psp_module_smushit": true,
    "psp_module_Social_Stats": true,
    "psp_module_title_meta_format": true,
    "psp_module_W3C_HTMLValidator": true,
    "psp_module_google_authorship": true,
    "psp_notifier-cache": "",
    "psp_notifier-cache-last-updated": "",
    "psp_on_page_optimization": {
        "parse_shortcodes": "no"
    },
    "psp_pagespeed": {
        "google_language": "en",
        "report_type": "both"
    },
    "psp_plugin_do_activation_redirect": "",
    "psp_seo_friendly_images": {
        "image_alt": "{focus_keyword} {title} {nice_image_name}",
        "image_title": "{image_name} {image_name}",
        "keep_default_alt": "yes",
        "keep_default_title": "yes"
    },
    "psp_serp": {
        "nbreq_max_limit": "100",
        "top_type": "10",
        "google_country": "com"
    },
    "psp_sitemap": {
        "notify_virtual_robots": "yes",
        "sitemap_type": "sitemap",
        "post_types": [
            "post",
            "page"
        ],
        "include_img": "yes",
        "priority": {
            "post": "0.7",
            "page": "0.5"
        },
        "changefreq": {
            "post": "daily",
            "page": "monthly"
        },
        "video_title_prefix": "Video",
        "video_social_force": "yes"
    },
    "psp_smushit": {
        "resp_timeout": "60",
        "do_upload": "no",
        "same_domain_url": "no"
    },
    "psp_social": {
        "services": [
            "facebook",
            "pinterest",
            "twitter",
            "google",
            "stumbleupon",
            "digg",
            "linkedin"
        ]
    },
    "psp_title_meta_format": {
        "home_title": "{site_title} ",
        "post_title": "{title} | {site_title}",
        "page_title": "{title} | {site_title}",
        "category_title": "{title} | {site_title}",
        "tag_title": "{title} | {site_title}",
        "taxonomy_title": "{title} | {site_title}",
        "archive_title": "{title} Archives | {site_title}",
        "author_title": "{title} | {site_title}",
        "search_title": "Search for {search_keyword} | {site_title}",
        "404_title": "Page Not Found | {site_title}",
        "pagination_title": "{title} - Page {pagenumber} of {totalpages} | {site_title}",
        "use_pagination_title": "no",
        "home_desc": "{site_description}",
        "post_desc": "{description} | {site_description}",
        "page_desc": "{description} | {site_description}",
        "category_desc": "{category_description}",
        "tag_desc": "{tag_description}",
        "taxonomy_desc": "{term_description}",
        "archive_desc": "",
        "author_desc": "{author_description}",
        "pagination_desc": "Page {pagenumber}",
        "use_pagination_desc": "no",
        "home_kw": "{keywords}",
        "post_kw": "{keywords}",
        "page_kw": "{keywords}",
        "category_kw": "{keywords}",
        "tag_kw": "{keywords}",
        "taxonomy_kw": "{keywords}",
        "archive_kw": "",
        "author_kw": "",
        "pagination_kw": "",
        "use_pagination_kw": "no",
        "archive_robots": [
            "noindex",
            "nofollow",
            "noarchive",
            "noodp"
        ],
        "author_robots": [
            "noindex",
            "nofollow",
            "noarchive",
            "noodp"
        ],
        "search_robots": [
            "noindex",
            "nofollow",
            "noarchive",
            "noodp"
        ],
        "404_robots": [
            "noindex",
            "nofollow",
            "noarchive",
            "noodp"
        ],
        "pagination_robots": [
            "noindex",
            "nofollow",
            "noarchive",
            "noodp"
        ],
        "use_pagination_robots": "no",
        "social_use_meta": "yes",
        "social_include_extra": "yes",
        "social_validation_type": "opengraph",
        "social_home_type": "website",
        "social_opengraph_default": {
            "post": "article",
            "page": "article"
        },
        "psp_twc_cardstype_default": {
            "post": "summary",
            "page": "summary"
        }
    }
}