{"items":[{"position":1,"link":"http:\/\/www.maccosmetics.com\/","title":"M\u00b7A\u00b7C Cosmetics | Official Site | Home Page","keyword":"mac","engine":"google.com"},{"position":2,"link":"http:\/\/www.apple.com\/mac\/","title":"Apple - Mac","keyword":"mac","engine":"google.com"},{"position":3,"link":"http:\/\/www.amazon.com\/gp\/feature.html?docId=1000464931","title":"Amazon.com: Kindle for Mac - Read Kindle eBooks on your Mac","keyword":"mac","engine":"google.com"},{"position":4,"link":"http:\/\/www.apple.com\/osx\/","title":"Apple - OS X Mavericks - Do even more with new apps and features.","keyword":"mac","engine":"google.com"},{"position":5,"link":"http:\/\/en.wikipedia.org\/wiki\/Mac","title":"Mac - Wikipedia, the free encyclopedia","keyword":"mac","engine":"google.com"},{"position":6,"link":"http:\/\/www.apple.com\/","title":"Apple","keyword":"mac","engine":"google.com"},{"position":7,"link":"http:\/\/mac.github.com\/","title":"GitHub for Mac","keyword":"mac","engine":"google.com"},{"position":8,"link":"http:\/\/en.wikipedia.org\/wiki\/MAC_address","title":"MAC address - Wikipedia, the free encyclopedia","keyword":"mac","engine":"google.com"},{"position":9,"link":"https:\/\/www.apple.com\/mac-pro\/","title":"Apple - Mac Pro","keyword":"mac","engine":"google.com"},{"position":10,"link":"http:\/\/www.videolan.org\/vlc\/download-macosx.html","title":"VideoLAN - Download official VLC media player for Mac OS X","keyword":"mac","engine":"google.com"}]}