{"items":[{"position":1,"link":"http:\/\/www.google.com\/","title":"Google","keyword":"google","engine":"google.com"},{"position":2,"link":"https:\/\/maps.google.com\/","title":"Google Maps","keyword":"google","engine":"google.com"},{"position":3,"link":"http:\/\/www.google.com\/analytics\/","title":"Google Analytics Official Website \u2013 Web Analytics & Reporting","keyword":"google","engine":"google.com"},{"position":4,"link":"http:\/\/earth.google.com\/","title":"Google Earth","keyword":"google","engine":"google.com"},{"position":5,"link":"http:\/\/translate.google.com\/","title":"Google Translate","keyword":"google","engine":"google.com"},{"position":6,"link":"http:\/\/docs.google.com\/","title":"Google Drive","keyword":"google","engine":"google.com"},{"position":7,"link":"https:\/\/www.google.com\/calendar","title":"Google Calendar","keyword":"google","engine":"google.com"},{"position":8,"link":"http:\/\/adwords.google.com\/","title":"Google AdWords \u2013 Online advertising by Google","keyword":"google","engine":"google.com"},{"position":9,"link":"http:\/\/groups.google.com\/","title":"Google Groups","keyword":"google","engine":"google.com"},{"position":10,"link":"http:\/\/scholar.google.com\/","title":"Google Scholar","keyword":"google","engine":"google.com"}]}