{"items":[{"position":1,"link":"https:\/\/www.apple.com\/iphone\/","title":"Apple - iPhone","keyword":"iphone","engine":"google.com"},{"position":2,"link":"http:\/\/en.wikipedia.org\/wiki\/IPhone","title":"iPhone - Wikipedia, the free encyclopedia","keyword":"iphone","engine":"google.com"},{"position":3,"link":"http:\/\/www.apple.com\/iphone\/compare\/","title":"Apple - iPhone - Compare Models","keyword":"iphone","engine":"google.com"},{"position":4,"link":"http:\/\/www.cnet.com\/iphone-update\/","title":"iPhone news, reviews, rumors, and how-to's - CNET","keyword":"iphone","engine":"google.com"},{"position":5,"link":"http:\/\/store.apple.com\/us\/iphone","title":"iPhone - iPhone 5s and iPhone 5c - Apple Store (U.S.)","keyword":"iphone","engine":"google.com"},{"position":6,"link":"http:\/\/mashable.com\/category\/iphone\/","title":"iPhone","keyword":"iphone","engine":"google.com"},{"position":7,"link":"https:\/\/about.twitter.com\/products\/iphone","title":"Twitter for iPhone app","keyword":"iphone","engine":"google.com"},{"position":8,"link":"http:\/\/www.amazon.com\/gp\/feature.html?docId=1000301301","title":"Kindle for iPhone","keyword":"iphone","engine":"google.com"},{"position":9,"link":"https:\/\/itunes.apple.com\/us\/app\/qr-reader-for-iphone\/id368494609?mt=8","title":"QR Reader for iPhone on the App Store on iTunes","keyword":"iphone","engine":"google.com"},{"position":10,"link":"http:\/\/www.verizonwireless.com\/b2c\/device\/smartphone\/iphone","title":"iPhone 5c | iPhone 5s | The new iPhone & the most reliable 4G LTE ...","keyword":"iphone","engine":"google.com"}]}