{"items":[{"position":1,"link":"http:\/\/www.speedtest.net\/","title":"Speedtest.net by Ookla - The Global Broadband Speed Test","keyword":"test","engine":"google.com"},{"position":2,"link":"http:\/\/www.test.com\/","title":"Create Tests for Organizational Training and Certification Programs ...","keyword":"test","engine":"google.com"},{"position":3,"link":"http:\/\/www.speakeasy.net\/speedtest\/","title":"Speakeasy Speed Test","keyword":"test","engine":"google.com"},{"position":4,"link":"http:\/\/www.humanmetrics.com\/cgi-win\/jtypes2.asp","title":"Personality test based on C. Jung and I. Briggs Myers type theory","keyword":"test","engine":"google.com"},{"position":5,"link":"http:\/\/html5test.com\/","title":"HTML5 Test","keyword":"test","engine":"google.com"},{"position":6,"link":"http:\/\/www.java.com\/verify\/","title":"Verify Java Version","keyword":"test","engine":"google.com"},{"position":7,"link":"http:\/\/test-ipv6.com\/","title":"Test your IPv6.","keyword":"test","engine":"google.com"},{"position":8,"link":"http:\/\/www.politicalcompass.org\/test","title":"The Political Compass - Test","keyword":"test","engine":"google.com"},{"position":9,"link":"http:\/\/en.wikipedia.org\/wiki\/Test_cricket","title":"Test cricket - Wikipedia, the free encyclopedia","keyword":"test","engine":"google.com"},{"position":10,"link":"http:\/\/acid3.acidtests.org\/","title":"The Acid3 Test","keyword":"test","engine":"google.com"}]}