{"items":[{"position":1,"link":"http:\/\/www.apple.com\/","title":"Apple","keyword":"apple","engine":"google.com"},{"position":2,"link":"https:\/\/www.apple.com\/iphone\/","title":"Apple - iPhone","keyword":"apple","engine":"google.com"},{"position":3,"link":"http:\/\/www.apple.com\/ipad\/","title":"Apple - iPad","keyword":"apple","engine":"google.com"},{"position":4,"link":"https:\/\/www.apple.com\/itunes\/","title":"Apple \u2013 iTunes \u2013 Everything you need to be entertained.","keyword":"apple","engine":"google.com"},{"position":5,"link":"http:\/\/www.apple.com\/support\/","title":"Apple - Support","keyword":"apple","engine":"google.com"},{"position":6,"link":"http:\/\/store.apple.com\/","title":"Official Apple Store - Buy iPhone 5s, iPhone 5c, iPad Air, iPad mini ...","keyword":"apple","engine":"google.com"},{"position":7,"link":"http:\/\/trailers.apple.com\/","title":"Apple Movie Trailers","keyword":"apple","engine":"google.com"},{"position":8,"link":"https:\/\/developer.apple.com\/","title":"Apple Developer","keyword":"apple","engine":"google.com"},{"position":9,"link":"http:\/\/quotes.wsj.com\/AAPL","title":"AAPL Stock Price Today - Apple Inc. Stock Quote - WSJ.com","keyword":"apple","engine":"google.com"},{"position":10,"link":"http:\/\/www.forbes.com\/companies\/apple\/","title":"Apple on the Forbes World's Most Valuable Brands List","keyword":"apple","engine":"google.com"}]}