{"items":[{"position":1,"link":"https:\/\/www.apple.com\/ipod\/","title":"Apple - iPod","keyword":"ipod","engine":"google.com"},{"position":2,"link":"http:\/\/www.apple.com\/ipodclassic\/","title":"Apple - iPod classic - Hold 40,000 songs in your pocket.","keyword":"ipod","engine":"google.com"},{"position":3,"link":"http:\/\/en.wikipedia.org\/wiki\/IPod","title":"iPod - Wikipedia, the free encyclopedia","keyword":"ipod","engine":"google.com"},{"position":4,"link":"http:\/\/www.apple.com\/ipod-touch\/","title":"Apple - iPod touch","keyword":"ipod","engine":"google.com"},{"position":5,"link":"http:\/\/en.wikipedia.org\/wiki\/IPod_Classic","title":"iPod Classic - Wikipedia, the free encyclopedia","keyword":"ipod","engine":"google.com"},{"position":6,"link":"http:\/\/www.apple.com\/ipod-nano\/","title":"Apple - iPod nano with Multi-Touch.","keyword":"ipod","engine":"google.com"},{"position":7,"link":"http:\/\/www.ilounge.com\/","title":"iLounge: All things iPod, iPhone, iPad and Beyond","keyword":"ipod","engine":"google.com"},{"position":8,"link":"http:\/\/support.apple.com\/kb\/ht1353","title":"Identifying iPod models","keyword":"ipod","engine":"google.com"},{"position":9,"link":"http:\/\/store.apple.com\/us\/ipod","title":"iPod - Shop iPod touch, iPod nano, iPod shuffle & iPod classic ...","keyword":"ipod","engine":"google.com"},{"position":10,"link":"http:\/\/www.amazon.com\/iPods-Computers\/b?ie=UTF8&node=3221551","title":"Amazon.com: All iPods","keyword":"ipod","engine":"google.com"}]}