{"items":[{"position":1,"link":"http:\/\/www.speedtest.net\/","title":"Speedtest.net by Ookla - The Global Broadband Speed Test","keyword":"test","engine":"google.com"},{"position":2,"link":"http:\/\/www.test.com\/","title":"Create Tests for Organizational Training and Certification Programs ...","keyword":"test","engine":"google.com"},{"position":3,"link":"http:\/\/www.speakeasy.net\/speedtest\/","title":"Speakeasy Speed Test","keyword":"test","engine":"google.com"},{"position":4,"link":"http:\/\/www.humanmetrics.com\/cgi-win\/jtypes2.asp","title":"Personality test based on C. Jung and I. Briggs Myers type theory","keyword":"test","engine":"google.com"},{"position":5,"link":"http:\/\/html5test.com\/","title":"The HTML5 Test","keyword":"test","engine":"google.com"},{"position":6,"link":"http:\/\/test-ipv6.com\/","title":"Test your IPv6.","keyword":"test","engine":"google.com"},{"position":7,"link":"http:\/\/en.wikipedia.org\/wiki\/Test_cricket","title":"Test cricket - Wikipedia, the free encyclopedia","keyword":"test","engine":"google.com"},{"position":8,"link":"http:\/\/www.politicalcompass.org\/test","title":"The Political Compass - Test","keyword":"test","engine":"google.com"},{"position":9,"link":"http:\/\/en.wikipedia.org\/wiki\/Test","title":"Test - Wikipedia, the free encyclopedia","keyword":"test","engine":"google.com"},{"position":10,"link":"http:\/\/www.adobe.com\/shockwave\/welcome\/","title":"Adobe - Test Adobe Shockwave Player","keyword":"test","engine":"google.com"},{"position":11,"link":"http:\/\/acid3.acidtests.org\/","title":"The Acid3 Test","keyword":"test","engine":"google.com"},{"position":12,"link":"http:\/\/www.java.com\/verify\/","title":"Verify Java Version","keyword":"test","engine":"google.com"},{"position":13,"link":"http:\/\/www.xrite.com\/online-color-test-challenge","title":"Color Test - Online Color Challenge | X-Rite","keyword":"test","engine":"google.com"},{"position":14,"link":"http:\/\/www.ets.org\/test_link\/about","title":"Test Link: About the Test Collection","keyword":"test","engine":"google.com"},{"position":15,"link":"http:\/\/www.diabetes.org\/are-you-at-risk\/diabetes-risk-test\/","title":"Type 2 Diabetes Risk Test: American Diabetes Association\u00ae","keyword":"test","engine":"google.com"},{"position":16,"link":"http:\/\/www.springer.com\/statistics\/journal\/11749","title":"TEST \u2013 incl. option to publish open access","keyword":"test","engine":"google.com"},{"position":17,"link":"http:\/\/www.keirsey.com\/sorter\/register.aspx","title":"Personality Test - Keirsey.com *** Keirsey Temperament Sorter II","keyword":"test","engine":"google.com"},{"position":18,"link":"http:\/\/www.ets.org\/test_link\/find_tests\/","title":"Test Link: Find a Test","keyword":"test","engine":"google.com"},{"position":19,"link":"https:\/\/www.collegeboard.org\/","title":"The College Board - College Admissions - SAT - University ...","keyword":"test","engine":"google.com"},{"position":20,"link":"http:\/\/www.google.com\/webmasters\/tools\/richsnippets","title":"Google Structured Data Testing Tool","keyword":"test","engine":"google.com"}]}