{"items":[{"position":1,"link":"https:\/\/www.apple.com\/iphone\/","title":"Apple - iPhone","keyword":"iphone","engine":"google.com"},{"position":2,"link":"http:\/\/en.wikipedia.org\/wiki\/IPhone","title":"iPhone - Wikipedia, the free encyclopedia","keyword":"iphone","engine":"google.com"},{"position":3,"link":"http:\/\/www.apple.com\/iphone\/compare\/","title":"Apple - iPhone - Compare Models","keyword":"iphone","engine":"google.com"},{"position":4,"link":"http:\/\/www.cnet.com\/iphone-update\/","title":"iPhone news, reviews, rumors, and how-to's - CNET","keyword":"iphone","engine":"google.com"},{"position":5,"link":"http:\/\/store.apple.com\/us\/iphone","title":"iPhone - iPhone 5s and iPhone 5c - Apple Store (U.S.)","keyword":"iphone","engine":"google.com"},{"position":6,"link":"http:\/\/mashable.com\/category\/iphone\/","title":"iPhone","keyword":"iphone","engine":"google.com"},{"position":7,"link":"https:\/\/about.twitter.com\/products\/iphone","title":"Twitter for iPhone app","keyword":"iphone","engine":"google.com"},{"position":8,"link":"http:\/\/www.amazon.com\/gp\/feature.html?docId=1000301301","title":"Kindle for iPhone","keyword":"iphone","engine":"google.com"},{"position":9,"link":"https:\/\/itunes.apple.com\/us\/app\/qr-reader-for-iphone\/id368494609?mt=8","title":"QR Reader for iPhone on the App Store on iTunes","keyword":"iphone","engine":"google.com"},{"position":10,"link":"http:\/\/www.verizonwireless.com\/b2c\/device\/smartphone\/iphone","title":"iPhone 5c | iPhone 5s | The new iPhone & the most reliable 4G LTE ...","keyword":"iphone","engine":"google.com"},{"position":11,"link":"http:\/\/www.att.com\/wireless\/iphone\/","title":"iPhone 5s, iPhone 5c & 99\u00a2 iPhone 4s 8GB from AT&T","keyword":"iphone","engine":"google.com"},{"position":12,"link":"http:\/\/www.sprint.com\/landings\/iphone\/","title":"iPhone: Get the iPhone 5s and iPhone 5c from Sprint","keyword":"iphone","engine":"google.com"},{"position":13,"link":"http:\/\/www.virginmobileusa.com\/shop\/cell-phones\/iphone-phones\/","title":"iPhone","keyword":"iphone","engine":"google.com"},{"position":14,"link":"https:\/\/developer.apple.com\/programs\/ios\/","title":"iOS Developer Program - Apple Developer","keyword":"iphone","engine":"google.com"},{"position":15,"link":"http:\/\/bgr.com\/tag\/iphone\/","title":"NightSky iPhone iPad Free Download For a Limited Time | BGR","keyword":"iphone","engine":"google.com"},{"position":16,"link":"https:\/\/www.dropbox.com\/iphoneapp","title":"Dropbox - Dropbox for iPhone","keyword":"iphone","engine":"google.com"},{"position":17,"link":"http:\/\/www.theguardian.com\/technology\/iphone","title":"iPhone | Technology | The Guardian","keyword":"iphone","engine":"google.com"},{"position":18,"link":"http:\/\/www.computerworld.com\/s\/article\/9108338\/Continuing_coverage_Apple_s_iPhone","title":"Continuing coverage: Apple's iPhone - Computerworld","keyword":"iphone","engine":"google.com"},{"position":19,"link":"http:\/\/www.engadget.com\/tag\/iphone\/","title":"Iphone Articles on Engadget","keyword":"iphone","engine":"google.com"},{"position":20,"link":"http:\/\/www.crunchbase.com\/product\/iphone","title":"iPhone | CrunchBase Profile","keyword":"iphone","engine":"google.com"}]}