{"items":[{"position":1,"link":"http:\/\/en.wikipedia.org\/wiki\/Web_design","title":"Web design - Wikipedia, the free encyclopedia","keyword":"webdesign","engine":"google.com"},{"position":2,"link":"http:\/\/webdesign.com\/","title":"WebDesign.com - Professional Web Design Training with WordPress","keyword":"webdesign","engine":"google.com"},{"position":3,"link":"http:\/\/webdesign.tutsplus.com\/","title":"Tuts+ Web Design Tutorials","keyword":"webdesign","engine":"google.com"},{"position":4,"link":"http:\/\/www.behance.net\/search?field=102","title":"Web Design projects on Behance","keyword":"webdesign","engine":"google.com"},{"position":5,"link":"http:\/\/stectech.com\/","title":"Stectech | Award-Winning Web Design Agency","keyword":"webdesign","engine":"google.com"},{"position":6,"link":"http:\/\/www.oswd.org\/","title":"Open Source Web Design - Download free web design templates.","keyword":"webdesign","engine":"google.com"},{"position":7,"link":"http:\/\/www.gravitatedesign.com\/","title":"Gravitate: Digital Marketing & Design Agency","keyword":"webdesign","engine":"google.com"},{"position":8,"link":"http:\/\/www.webdesigners-directory.com\/","title":"Web Designers - Hire a Website Development Company","keyword":"webdesign","engine":"google.com"},{"position":9,"link":"http:\/\/theoatmeal.com\/comics\/design_hell","title":"How a Web Design Goes Straight to Hell - The Oatmeal","keyword":"webdesign","engine":"google.com"},{"position":10,"link":"http:\/\/webdesign.about.com\/","title":"Web Design - HTML XML - Web Development - Website Design","keyword":"webdesign","engine":"google.com"},{"position":11,"link":"http:\/\/www.webdesignerdepot.com\/","title":"Webdesigner Depot: Web Design Blog","keyword":"webdesign","engine":"google.com"},{"position":12,"link":"http:\/\/www.jacobtyler.com\/","title":"Web Design San Diego, San Diego Web Design, Website ...","keyword":"webdesign","engine":"google.com"},{"position":13,"link":"http:\/\/www.webdesignserved.com\/","title":"Web Design Served :: Gallery","keyword":"webdesign","engine":"google.com"},{"position":14,"link":"http:\/\/www.godaddy.com\/design\/web-design.aspx","title":"Web Design | Professionally Designed Websites - GoDaddy","keyword":"webdesign","engine":"google.com"},{"position":15,"link":"http:\/\/www.123webdesign.com\/","title":"123 Web Design - Professional website design services.","keyword":"webdesign","engine":"google.com"},{"position":16,"link":"https:\/\/www.kenmoredesign.com\/","title":"Forex Backoffice Systems, Web Design & Custom Development ...","keyword":"webdesign","engine":"google.com"},{"position":17,"link":"http:\/\/bryantsmith.com\/","title":"Web development, packages from $249","keyword":"webdesign","engine":"google.com"},{"position":18,"link":"http:\/\/www.w3.org\/standards\/webdesign\/","title":"Web Design and Applications - W3C","keyword":"webdesign","engine":"google.com"},{"position":19,"link":"http:\/\/www.ciplex.com\/","title":"Ciplex | #1 Web Design & Marketing Company in Los Angeles","keyword":"webdesign","engine":"google.com"},{"position":20,"link":"https:\/\/www.webdesignservices.net\/","title":"Web Design Services: Website Designers","keyword":"webdesign","engine":"google.com"}]}