{"items":[{"position":1,"link":"http:\/\/www.cevalogistics.com\/","title":"CEVA Logistics: Home","keyword":"ceva","engine":"google.com"},{"position":2,"link":"http:\/\/cevaregion.org\/","title":"CEVA","keyword":"ceva","engine":"google.com"},{"position":3,"link":"http:\/\/www.ceva.us\/","title":"CEVA USA - CEVA USA","keyword":"ceva","engine":"google.com"},{"position":4,"link":"http:\/\/www.cevalogistics.com\/EN-US\/TOOLSRESOURCES\/Pages\/CEVATrak.aspx","title":"CEVATrak","keyword":"ceva","engine":"google.com"},{"position":5,"link":"http:\/\/finance.yahoo.com\/q?s=CEVA","title":"CEVA: Summary for CEVA, Inc.- Yahoo! Finance","keyword":"ceva","engine":"google.com"},{"position":6,"link":"http:\/\/seekingalpha.com\/symbol\/CEVA","title":"CEVA - News and Analysis - CEVA, Inc. - Seeking Alpha","keyword":"ceva","engine":"google.com"},{"position":7,"link":"http:\/\/en.wikipedia.org\/wiki\/Ceva","title":"Ceva - Wikipedia, the free encyclopedia","keyword":"ceva","engine":"google.com"},{"position":8,"link":"http:\/\/finance.google.com\/finance?q=CEVA","title":"CEVA, Inc.: NASDAQ:CEVA quotes & news - Google Finance","keyword":"ceva","engine":"google.com"},{"position":9,"link":"http:\/\/en.wikipedia.org\/wiki\/Ceva's_theorem","title":"Ceva's theorem - Wikipedia, the free encyclopedia","keyword":"ceva","engine":"google.com"},{"position":10,"link":"http:\/\/www.ceva-dsp.com\/","title":"CEVA - DSP IP cores for a range of markets including 4G LTE, Audio ...","keyword":"ceva","engine":"google.com"},{"position":11,"link":"http:\/\/www.driveforceva.com\/","title":"Drive For CEVA | Home","keyword":"ceva","engine":"google.com"},{"position":12,"link":"https:\/\/twitter.com\/CEVADSP","title":"CEVA DSP (CEVADSP) on Twitter","keyword":"ceva","engine":"google.com"},{"position":13,"link":"http:\/\/www.selectscg.com\/","title":"CEVA Ground formerly SCG - Providing your Total Transportation ...","keyword":"ceva","engine":"google.com"},{"position":14,"link":"https:\/\/www.ceva.com\/","title":"Ceva Corporate - CEVA Corporate","keyword":"ceva","engine":"google.com"},{"position":15,"link":"http:\/\/ceva-dsp.mediaroom.com\/","title":"CEVA MediaRoom - Media Room","keyword":"ceva","engine":"google.com"},{"position":16,"link":"http:\/\/www.cut-the-knot.org\/Generalization\/ceva.shtml","title":"Ceva's Theorem","keyword":"ceva","engine":"google.com"},{"position":17,"link":"http:\/\/www.linkedin.com\/company\/ceva","title":"CEVA | LinkedIn","keyword":"ceva","engine":"google.com"},{"position":18,"link":"http:\/\/www.nasdaq.com\/symbol\/ceva","title":"CEVA stock quote - CEVA, Inc. stock price - NASDAQ.com","keyword":"ceva","engine":"google.com"},{"position":19,"link":"http:\/\/www.indeed.com\/cmp\/Ceva-Logistics","title":"Ceva Logistics Careers and Employment | Indeed.com","keyword":"ceva","engine":"google.com"},{"position":20,"link":"http:\/\/mathworld.wolfram.com\/CevasTheorem.html","title":"Ceva's Theorem -- from Wolfram MathWorld","keyword":"ceva","engine":"google.com"}]}